[{
  "_id": {
    "$oid": "6672e875880b05802b4f70a5"
  },
  "names": "Anant bansal",
  "emails": "bansalanant2002@gmail.com",
  "mobile": {
    "$numberLong": "7015900959"
  },
  "age": 98,
  "__v": 0
},
{
  "_id": {
    "$oid": "6672e8c9880b05802b4fbe28"
  },
  "names": "szdfgfh",
  "emails": "testmail@gmail.com",
  "mobile": {
    "$numberLong": "8059684747"
  },
  "age": 99,
  "__v": 0
},
{
  "_id": {
    "$oid": "6672e99bf706e428493d3638"
  },
  "names": "dev",
  "emails": "devansh32@gamil.com",
  "mobile": {
    "$numberLong": "7894561230"
  },
  "age": 22,
  "__v": 0
},
{
  "_id": {
    "$oid": "667c3302c72325e8da6bb0ed"
  },
  "names": "Anmol23",
  "emails": "anmol123@gmail.com",
  "mobile": {
    "$numberLong": "7027514525"
  },
  "age": 23,
  "__v": 0
},
{
  "_id": {
    "$oid": "667c339291a0428262006eae"
  },
  "names": "Anmol23",
  "emails": "anmol123@gmail.com",
  "mobile": {
    "$numberLong": "7027514525"
  },
  "age": 23,
  "__v": 0
},
{
  "_id": {
    "$oid": "667c34581c0600ef504a9d21"
  },
  "name": "Anmol23",
  "email": "anmol123@gmail.com",
  "mobile": {
    "$numberLong": "7027514525"
  },
  "age": 23,
  "__v": 0
}]